duplicate_groups,trials,share
0,175378,0.87689
1,23093,0.115465
2,1452,0.00726
3,73,0.000365
4,4,2e-05
