n,k_space,threshold,lambda,probability,probability_percent,reciprocal
393,100944.8,3,0.7630705098231905,0.04226077201454281,4.226077201454281,23.662606060672037
393,100944.8,4,0.7630705098231905,0.007734837111887716,0.7734837111887716,129.2852047864194
393,100944.8,5,0.7630705098231905,0.0011484064248148407,0.11484064248148407,870.7718612434892
393,100944.8,6,0.7630705098231905,0.00014322422035484283,0.014322422035484283,6982.059301998407
